{"cameraMode":{"drawMode":0,"name":"Shaded","section":"Shading Mode"},"sceneLighting":false,"audioPlay":false,"sceneViewState":{"m_AlwaysRefresh":false,"showFog":true,"showSkybox":true,"showFlares":true,"showImageEffects":true,"showParticleSystems":true,"showVisualEffectGraphs":true,"m_FxEnabled":true},"in2DMode":false,"pivot":{"x":249.91714477539063,"y":-10.662569046020508,"z":-70.40367126464844},"rotation":{"x":0.025190260261297227,"y":0.7666563391685486,"z":-0.030166730284690858,"w":0.6409023404121399},"size":156.0105743408203,"orthographic":false}