{"cameraMode":{"drawMode":0,"name":"Shaded","section":"Shading Mode"},"sceneLighting":false,"audioPlay":false,"sceneViewState":{"m_AlwaysRefresh":false,"showFog":true,"showSkybox":true,"showFlares":true,"showImageEffects":true,"showParticleSystems":true,"showVisualEffectGraphs":true,"m_FxEnabled":true},"in2DMode":false,"pivot":{"x":240.02098083496095,"y":12.805331230163575,"z":-4.914037227630615},"rotation":{"x":0.00020230608060956,"y":0.7149389386177063,"z":-0.00023581714776810259,"w":0.6992318034172058},"size":152.9871368408203,"orthographic":false}