{"cameraMode":{"drawMode":0,"name":"Shaded","section":"Shading Mode"},"sceneLighting":false,"audioPlay":false,"sceneViewState":{"m_AlwaysRefresh":false,"showFog":true,"showSkybox":true,"showFlares":true,"showImageEffects":true,"showParticleSystems":true,"showVisualEffectGraphs":true,"m_FxEnabled":true},"in2DMode":false,"pivot":{"x":249.80038452148438,"y":-8.601613998413086,"z":-71.95293426513672},"rotation":{"x":0.025190260261297227,"y":0.7666563391685486,"z":-0.030166730284690858,"w":0.6409023404121399},"size":162.99420166015626,"orthographic":false}