{"cameraMode":{"drawMode":0,"name":"Shaded","section":"Shading Mode"},"sceneLighting":false,"audioPlay":false,"sceneViewState":{"m_AlwaysRefresh":false,"showFog":true,"showSkybox":true,"showFlares":true,"showImageEffects":true,"showParticleSystems":true,"showVisualEffectGraphs":true,"m_FxEnabled":true},"in2DMode":false,"pivot":{"x":-113.46658325195313,"y":-81.38162994384766,"z":289.0936279296875},"rotation":{"x":0.1572958081960678,"y":-0.12848520278930665,"z":0.020623568445444108,"w":0.9789729118347168},"size":154.00387573242188,"orthographic":false}