{"cameraMode":{"drawMode":0,"name":"Shaded","section":"Shading Mode"},"sceneLighting":false,"audioPlay":false,"sceneViewState":{"m_AlwaysRefresh":false,"showFog":true,"showSkybox":true,"showFlares":true,"showImageEffects":true,"showParticleSystems":true,"showVisualEffectGraphs":true,"m_FxEnabled":true},"in2DMode":false,"pivot":{"x":-49.943363189697269,"y":12.278669357299805,"z":-4.609735488891602},"rotation":{"x":0.009922601282596589,"y":-0.7632963061332703,"z":0.011659594252705574,"w":0.6459187865257263},"size":4.516110420227051,"orthographic":false}