{"cameraMode":{"drawMode":0,"name":"Shaded","section":"Shading Mode"},"sceneLighting":false,"audioPlay":false,"sceneViewState":{"m_AlwaysRefresh":false,"showFog":true,"showSkybox":false,"showFlares":true,"showImageEffects":true,"showParticleSystems":true,"showVisualEffectGraphs":true,"m_FxEnabled":true},"in2DMode":false,"pivot":{"x":-0.017301663756370546,"y":0.9333502650260925,"z":0.10506194829940796},"rotation":{"x":-0.012977264821529389,"y":-0.7538527250289917,"z":0.014967212453484536,"w":-0.656796395778656},"size":12.739960670471192,"orthographic":false}